{
  "assetsByChunkName": {
    "vendors~app-account~app-confirmation~app-order": "chunk.75d7d81528fab8f4b710.js",
    "vendors~app-account~app-checkout": "chunk.822544bc0bbe13173086.js",
    "vendors~app-cart~app-checkout": "chunk.05b3d6e7dc142ecd40a2.js",
    "admin": [
      "admin.ff0e8b9826272ea8d4da.js",
      "admin.ff0e8b9826272ea8d4da.js.map"
    ],
    "app-account": "chunk.aa59802c04c4fe383f33.js",
    "app-confirmation": "chunk.dc95a48ed280a56095d1.js",
    "app-order": "chunk.67207d3f6ad574a08949.js",
    "checkout": [
      "checkout.82ddaa9340e038b71887.js",
      "checkout.82ddaa9340e038b71887.js.map"
    ],
    "storefront": [
      "storefront.b6f924f14300f85578b9.css",
      "storefront.8bc72d8955d37da3f164.js",
      "storefront.b6f924f14300f85578b9.css.map",
      "storefront.8bc72d8955d37da3f164.js.map"
    ],
    "vendors~app-cart": "chunk.073b45c8568d1c0fa721.js",
    "vendors~app-checkout": "chunk.f4c95ea1fcee31fdb953.js"
  }
}