{
  "meta_title": "",
  "meta_description": "",
  "sections": [
    {
      "type": "banner-slider",
      "autoplay": 3000,
      "slides": [
        {
          "img": "/img/uploads/1.jpg",
          "link": "https://cristianeresende.com.br/colecao-sintonia",
          "alt": "",
          "mobile_img": "/img/uploads/3.jpg",
          "start": "2021-03-29T18:09:06.042Z",
          "end": ""
        }
      ]
    },
    {
      "type": "banners-grid",
      "banners": [
        {
          "img": "/img/uploads/4.jpg",
          "alt": "Vestidos",
          "link": "https://cristianeresende.com.br/vestidos"
        },
        {
          "img": "/img/uploads/5.jpg",
          "alt": "SAIAS",
          "link": "https://cristianeresende.com.br/saias",
          "mobile_img": ""
        },
        {
          "img": "/img/uploads/6.jpg",
          "alt": "BLUSAS",
          "link": "https://cristianeresende.com.br/blusas"
        }
      ]
    },
    {
      "type": "info-bar",
      "enabled": false
    },
    {
      "type": "collection-shelf",
      "shuffle": false,
      "collection_id": null,
      "title": "VITRINE DO DIA",
      "sort": "news"
    },
    {
      "type": "custom-html",
      "html": "<div id=\"titulo-instagram\"><h2> ACOMPANHE AS NOSSAS NOVIDADES NO INSTAGRAM </h2></div>\n<script src=\"https://www.sowecms.com/demos/InstagramFeed/dist/InstagramFeed.min.js\"></script>\n<div id=\"instagram-feed\" class=\"instagram_feed\"></div>\n<script>\n    (function(){\n        new InstagramFeed({\n            'username': 'cristianeresendeoficial',\n            'container': document.getElementById(\"instagram-feed\"),\n            'display_profile': false,\n            'display_biography': false,\n            'display_igtv': false,\n            'display_gallery': true,\n            'get_raw_json': false,\n            'callback': null,\n            'styling': true,\n            'items': 3,\n            'items_per_row': 3,\n            'margin': 1 \n        });\n    })();\n</script>"
    }
  ]
}